parent,child
Injection_Molding_Machine,Injection_Molding_Machine.Alarm_Data
Injection_Molding_Machine,Injection_Molding_Machine.CAD
Injection_Molding_Machine,Injection_Molding_Machine.Component
Injection_Molding_Machine,Injection_Molding_Machine.Controller
Injection_Molding_Machine,Injection_Molding_Machine.Energy
Injection_Molding_Machine,Injection_Molding_Machine.Identification
Injection_Molding_Machine,Injection_Molding_Machine.Log_Event
Injection_Molding_Machine,Injection_Molding_Machine.Machine_Configuration
Injection_Molding_Machine,Injection_Molding_Machine.Maintenance
Injection_Molding_Machine,Injection_Molding_Machine.Operational_Data
Injection_Molding_Machine.Alarm_Data,Injection_Molding_Machine.Alarm_Data.Alarm_Info
Injection_Molding_Machine.Alarm_Data,Injection_Molding_Machine.Alarm_Data.Alarm_n
Injection_Molding_Machine.Alarm_Data.Alarm_Info,Injection_Molding_Machine.Alarm_Data.Alarm_Info.Alarm_Status
Injection_Molding_Machine.Alarm_Data.Alarm_Info,Injection_Molding_Machine.Alarm_Data.Alarm_Info.No_Alarm
Injection_Molding_Machine.Alarm_Data.Alarm_n,Injection_Molding_Machine.Alarm_Data.Alarm_n.Alarm_Category
Injection_Molding_Machine.Alarm_Data.Alarm_n,Injection_Molding_Machine.Alarm_Data.Alarm_n.Alarm_Number
Injection_Molding_Machine.Alarm_Data.Alarm_n,Injection_Molding_Machine.Alarm_Data.Alarm_n.Alarm_Raised_Time_Stamp
Injection_Molding_Machine.Alarm_Data.Alarm_n,Injection_Molding_Machine.Alarm_Data.Alarm_n.Alarm_Text
Injection_Molding_Machine.CAD,Injection_Molding_Machine.CAD.ECAD
Injection_Molding_Machine.CAD,Injection_Molding_Machine.CAD.MCAD
Injection_Molding_Machine.CAD.ECAD,Injection_Molding_Machine.CAD.ECAD.CadItem_n
Injection_Molding_Machine.CAD.ECAD.CadItem_n,Injection_Molding_Machine.CAD.ECAD.CadItem_n.File_Name
Injection_Molding_Machine.CAD.ECAD.CadItem_n,Injection_Molding_Machine.CAD.ECAD.CadItem_n.File_Number
Injection_Molding_Machine.CAD.ECAD.CadItem_n,Injection_Molding_Machine.CAD.ECAD.CadItem_n.File_Size
Injection_Molding_Machine.CAD.MCAD,Injection_Molding_Machine.CAD.MCAD.CadItem_n
Injection_Molding_Machine.CAD.MCAD.CadItem_n,Injection_Molding_Machine.CAD.MCAD.CadItem_n.File_Name
Injection_Molding_Machine.CAD.MCAD.CadItem_n,Injection_Molding_Machine.CAD.MCAD.CadItem_n.File_Number
Injection_Molding_Machine.CAD.MCAD.CadItem_n,Injection_Molding_Machine.CAD.MCAD.CadItem_n.File_Size
Injection_Molding_Machine.Component,Injection_Molding_Machine.Component.Clamping_Unit
Injection_Molding_Machine.Component,Injection_Molding_Machine.Component.Injection_Unit
Injection_Molding_Machine.Component.Clamping_Unit,Injection_Molding_Machine.Component.Clamping_Unit.Component
Injection_Molding_Machine.Component.Clamping_Unit.Component,Injection_Molding_Machine.Component.Clamping_Unit.Component.Coolant
Injection_Molding_Machine.Component.Clamping_Unit.Component,Injection_Molding_Machine.Component.Clamping_Unit.Component.Mold
Injection_Molding_Machine.Component.Clamping_Unit.Component,Injection_Molding_Machine.Component.Clamping_Unit.Component.Motor_Drive_n
Injection_Molding_Machine.Component.Clamping_Unit.Component.Coolant,Injection_Molding_Machine.Component.Clamping_Unit.Component.Coolant.Operational_Data
Injection_Molding_Machine.Component.Clamping_Unit.Component.Coolant,Injection_Molding_Machine.Component.Clamping_Unit.Component.Coolant.Parameter_Set
Injection_Molding_Machine.Component.Clamping_Unit.Component.Coolant.Operational_Data,Injection_Molding_Machine.Component.Clamping_Unit.Component.Coolant.Operational_Data.Coolant_Temp
Injection_Molding_Machine.Component.Clamping_Unit.Component.Coolant.Operational_Data,Injection_Molding_Machine.Component.Clamping_Unit.Component.Coolant.Operational_Data.Cooling_Time
Injection_Molding_Machine.Component.Clamping_Unit.Component.Coolant.Parameter_Set,Injection_Molding_Machine.Component.Clamping_Unit.Component.Coolant.Parameter_Set.Coolant_Temp_Set
Injection_Molding_Machine.Component.Clamping_Unit.Component.Mold,Injection_Molding_Machine.Component.Clamping_Unit.Component.Mold.Operational_Data
Injection_Molding_Machine.Component.Clamping_Unit.Component.Mold.Operational_Data,Injection_Molding_Machine.Component.Clamping_Unit.Component.Mold.Operational_Data.Cavity_n
Injection_Molding_Machine.Component.Clamping_Unit.Component.Mold.Operational_Data,Injection_Molding_Machine.Component.Clamping_Unit.Component.Mold.Operational_Data.Mold_Open_Close
Injection_Molding_Machine.Component.Clamping_Unit.Component.Mold.Operational_Data.Cavity_n,Injection_Molding_Machine.Component.Clamping_Unit.Component.Mold.Operational_Data.Cavity_n.Cavity_Number
Injection_Molding_Machine.Component.Clamping_Unit.Component.Mold.Operational_Data.Cavity_n,Injection_Molding_Machine.Component.Clamping_Unit.Component.Mold.Operational_Data.Cavity_n.Fluidity
Injection_Molding_Machine.Component.Clamping_Unit.Component.Mold.Operational_Data.Cavity_n,Injection_Molding_Machine.Component.Clamping_Unit.Component.Mold.Operational_Data.Cavity_n.Pressure
Injection_Molding_Machine.Component.Clamping_Unit.Component.Mold.Operational_Data.Cavity_n,Injection_Molding_Machine.Component.Clamping_Unit.Component.Mold.Operational_Data.Cavity_n.Temperature
Injection_Molding_Machine.Component.Clamping_Unit.Component.Mold.Operational_Data.Cavity_n.Fluidity,Injection_Molding_Machine.Component.Clamping_Unit.Component.Mold.Operational_Data.Cavity_n.Fluidity.Shear_Rate
Injection_Molding_Machine.Component.Clamping_Unit.Component.Mold.Operational_Data.Cavity_n.Fluidity,Injection_Molding_Machine.Component.Clamping_Unit.Component.Mold.Operational_Data.Cavity_n.Fluidity.Shear_Stress
Injection_Molding_Machine.Component.Clamping_Unit.Component.Mold.Operational_Data.Cavity_n.Fluidity,Injection_Molding_Machine.Component.Clamping_Unit.Component.Mold.Operational_Data.Cavity_n.Fluidity.Viscocity
Injection_Molding_Machine.Component.Clamping_Unit.Component.Mold.Operational_Data.Cavity_n.Pressure,Injection_Molding_Machine.Component.Clamping_Unit.Component.Mold.Operational_Data.Cavity_n.Pressure.Integral_Mold_Pressure
Injection_Molding_Machine.Component.Clamping_Unit.Component.Mold.Operational_Data.Cavity_n.Pressure,Injection_Molding_Machine.Component.Clamping_Unit.Component.Mold.Operational_Data.Cavity_n.Pressure.Max_Mold_Pressure
Injection_Molding_Machine.Component.Clamping_Unit.Component.Mold.Operational_Data.Cavity_n.Pressure,Injection_Molding_Machine.Component.Clamping_Unit.Component.Mold.Operational_Data.Cavity_n.Pressure.Mold_Pressure_Real_Time
Injection_Molding_Machine.Component.Clamping_Unit.Component.Mold.Operational_Data.Cavity_n.Pressure,Injection_Molding_Machine.Component.Clamping_Unit.Component.Mold.Operational_Data.Cavity_n.Pressure.Start_Mold_Pressure
Injection_Molding_Machine.Component.Clamping_Unit.Component.Mold.Operational_Data.Cavity_n.Pressure,Injection_Molding_Machine.Component.Clamping_Unit.Component.Mold.Operational_Data.Cavity_n.Pressure.VP_Mold_Pressure
Injection_Molding_Machine.Component.Clamping_Unit.Component.Mold.Operational_Data.Cavity_n.Temperature,Injection_Molding_Machine.Component.Clamping_Unit.Component.Mold.Operational_Data.Cavity_n.Temperature.Integral_Mold_Temp
Injection_Molding_Machine.Component.Clamping_Unit.Component.Mold.Operational_Data.Cavity_n.Temperature,Injection_Molding_Machine.Component.Clamping_Unit.Component.Mold.Operational_Data.Cavity_n.Temperature.Max_Mold_Temp
Injection_Molding_Machine.Component.Clamping_Unit.Component.Mold.Operational_Data.Cavity_n.Temperature,Injection_Molding_Machine.Component.Clamping_Unit.Component.Mold.Operational_Data.Cavity_n.Temperature.Mold_Pressure_Real_Time
Injection_Molding_Machine.Component.Clamping_Unit.Component.Mold.Operational_Data.Cavity_n.Temperature,Injection_Molding_Machine.Component.Clamping_Unit.Component.Mold.Operational_Data.Cavity_n.Temperature.Start_Mold_Temp
Injection_Molding_Machine.Component.Clamping_Unit.Component.Mold.Operational_Data.Cavity_n.Temperature,Injection_Molding_Machine.Component.Clamping_Unit.Component.Mold.Operational_Data.Cavity_n.Temperature.VP_Mold_Temp
Injection_Molding_Machine.Component.Clamping_Unit.Component.Mold.Operational_Data.Mold_Open_Close,Injection_Molding_Machine.Component.Clamping_Unit.Component.Mold.Operational_Data.Mold_Open_Close.Mold_Close_Time
Injection_Molding_Machine.Component.Clamping_Unit.Component.Mold.Operational_Data.Mold_Open_Close,Injection_Molding_Machine.Component.Clamping_Unit.Component.Mold.Operational_Data.Mold_Open_Close.Mold_Open_Time
Injection_Molding_Machine.Component.Clamping_Unit.Component.Mold.Operational_Data.Mold_Open_Close,Injection_Molding_Machine.Component.Clamping_Unit.Component.Mold.Operational_Data.Mold_Open_Close.Mold_Status
Injection_Molding_Machine.Component.Clamping_Unit.Component.Mold.Operational_Data.Mold_Open_Close,Injection_Molding_Machine.Component.Clamping_Unit.Component.Mold.Operational_Data.Mold_Open_Close.Mold_Time
Injection_Molding_Machine.Component.Clamping_Unit.Component.Motor_Drive_n,Injection_Molding_Machine.Component.Clamping_Unit.Component.Motor_Drive_n.Identification
Injection_Molding_Machine.Component.Clamping_Unit.Component.Motor_Drive_n,Injection_Molding_Machine.Component.Clamping_Unit.Component.Motor_Drive_n.Operational_Data
Injection_Molding_Machine.Component.Clamping_Unit.Component.Motor_Drive_n.Identification,Injection_Molding_Machine.Component.Clamping_Unit.Component.Motor_Drive_n.Identification.Position
Injection_Molding_Machine.Component.Clamping_Unit.Component.Motor_Drive_n.Operational_Data,Injection_Molding_Machine.Component.Clamping_Unit.Component.Motor_Drive_n.Operational_Data.Energy
Injection_Molding_Machine.Component.Clamping_Unit.Component.Motor_Drive_n.Operational_Data,Injection_Molding_Machine.Component.Clamping_Unit.Component.Motor_Drive_n.Operational_Data.Speed
Injection_Molding_Machine.Component.Clamping_Unit.Component.Motor_Drive_n.Operational_Data,Injection_Molding_Machine.Component.Clamping_Unit.Component.Motor_Drive_n.Operational_Data.Start_Status
Injection_Molding_Machine.Component.Clamping_Unit.Component.Motor_Drive_n.Operational_Data,Injection_Molding_Machine.Component.Clamping_Unit.Component.Motor_Drive_n.Operational_Data.Torque
Injection_Molding_Machine.Component.Clamping_Unit.Component.Motor_Drive_n.Operational_Data.Energy,Injection_Molding_Machine.Component.Clamping_Unit.Component.Motor_Drive_n.Operational_Data.Energy.Actual_Power
Injection_Molding_Machine.Component.Clamping_Unit.Component.Motor_Drive_n.Operational_Data.Energy,Injection_Molding_Machine.Component.Clamping_Unit.Component.Motor_Drive_n.Operational_Data.Energy.Actual_Specific_Energy
Injection_Molding_Machine.Component.Clamping_Unit.Component.Motor_Drive_n.Operational_Data.Energy,Injection_Molding_Machine.Component.Clamping_Unit.Component.Motor_Drive_n.Operational_Data.Energy.Power_Consumption
Injection_Molding_Machine.Component.Clamping_Unit.Component.Motor_Drive_n.Operational_Data.Energy,Injection_Molding_Machine.Component.Clamping_Unit.Component.Motor_Drive_n.Operational_Data.Energy.The ratio of working power
Injection_Molding_Machine.Component.Clamping_Unit.Component.Motor_Drive_n.Operational_Data.Torque,Injection_Molding_Machine.Component.Clamping_Unit.Component.Motor_Drive_n.Operational_Data.Torque.Average_Torque
Injection_Molding_Machine.Component.Clamping_Unit.Component.Motor_Drive_n.Operational_Data.Torque,Injection_Molding_Machine.Component.Clamping_Unit.Component.Motor_Drive_n.Operational_Data.Torque.Max_Torque
Injection_Molding_Machine.Component.Clamping_Unit.Component.Motor_Drive_n.Operational_Data.Torque,Injection_Molding_Machine.Component.Clamping_Unit.Component.Motor_Drive_n.Operational_Data.Torque.Min_Torque
Injection_Molding_Machine.Component.Injection_Unit,Injection_Molding_Machine.Component.Injection_Unit.Component
Injection_Molding_Machine.Component.Injection_Unit.Component,Injection_Molding_Machine.Component.Injection_Unit.Component.Band_Heater
Injection_Molding_Machine.Component.Injection_Unit.Component,Injection_Molding_Machine.Component.Injection_Unit.Component.Barrel
Injection_Molding_Machine.Component.Injection_Unit.Component,Injection_Molding_Machine.Component.Injection_Unit.Component.Cylinder
Injection_Molding_Machine.Component.Injection_Unit.Component,Injection_Molding_Machine.Component.Injection_Unit.Component.Hopper
Injection_Molding_Machine.Component.Injection_Unit.Component,Injection_Molding_Machine.Component.Injection_Unit.Component.Nozzle
Injection_Molding_Machine.Component.Injection_Unit.Component,Injection_Molding_Machine.Component.Injection_Unit.Component.Screw
Injection_Molding_Machine.Component.Injection_Unit.Component.Band_Heater,Injection_Molding_Machine.Component.Injection_Unit.Component.Band_Heater.Operational_Data
Injection_Molding_Machine.Component.Injection_Unit.Component.Band_Heater,Injection_Molding_Machine.Component.Injection_Unit.Component.Band_Heater.Parameter_Set
Injection_Molding_Machine.Component.Injection_Unit.Component.Band_Heater.Operational_Data,Injection_Molding_Machine.Component.Injection_Unit.Component.Band_Heater.Operational_Data.Band_Heater_n
Injection_Molding_Machine.Component.Injection_Unit.Component.Band_Heater.Operational_Data.Band_Heater_n,Injection_Molding_Machine.Component.Injection_Unit.Component.Band_Heater.Operational_Data.Band_Heater_n.Band_Heater_Remaining_Life
Injection_Molding_Machine.Component.Injection_Unit.Component.Band_Heater.Operational_Data.Band_Heater_n,Injection_Molding_Machine.Component.Injection_Unit.Component.Band_Heater.Operational_Data.Band_Heater_n.Band_Heater_Temp
Injection_Molding_Machine.Component.Injection_Unit.Component.Band_Heater.Operational_Data.Band_Heater_n,Injection_Molding_Machine.Component.Injection_Unit.Component.Band_Heater.Operational_Data.Band_Heater_n.Band_Heater_Time
Injection_Molding_Machine.Component.Injection_Unit.Component.Band_Heater.Operational_Data.Band_Heater_n,Injection_Molding_Machine.Component.Injection_Unit.Component.Band_Heater.Operational_Data.Band_Heater_n.Band_Heater_Zone
Injection_Molding_Machine.Component.Injection_Unit.Component.Band_Heater.Parameter_Set,Injection_Molding_Machine.Component.Injection_Unit.Component.Band_Heater.Parameter_Set.Band_Heater_n
Injection_Molding_Machine.Component.Injection_Unit.Component.Band_Heater.Parameter_Set.Band_Heater_n,Injection_Molding_Machine.Component.Injection_Unit.Component.Band_Heater.Parameter_Set.Band_Heater_n.Band_Heater_Temp_Set
Injection_Molding_Machine.Component.Injection_Unit.Component.Band_Heater.Parameter_Set.Band_Heater_n,Injection_Molding_Machine.Component.Injection_Unit.Component.Band_Heater.Parameter_Set.Band_Heater_n.Band_Heater_Zone
Injection_Molding_Machine.Component.Injection_Unit.Component.Barrel,Injection_Molding_Machine.Component.Injection_Unit.Component.Barrel.Operational_Data
Injection_Molding_Machine.Component.Injection_Unit.Component.Barrel,Injection_Molding_Machine.Component.Injection_Unit.Component.Barrel.Parameter_Set
Injection_Molding_Machine.Component.Injection_Unit.Component.Barrel.Operational_Data,Injection_Molding_Machine.Component.Injection_Unit.Component.Barrel.Operational_Data.Barrel_1
Injection_Molding_Machine.Component.Injection_Unit.Component.Barrel.Operational_Data,Injection_Molding_Machine.Component.Injection_Unit.Component.Barrel.Operational_Data.Barrel_2
Injection_Molding_Machine.Component.Injection_Unit.Component.Barrel.Operational_Data,Injection_Molding_Machine.Component.Injection_Unit.Component.Barrel.Operational_Data.Barrel_3
Injection_Molding_Machine.Component.Injection_Unit.Component.Barrel.Operational_Data,Injection_Molding_Machine.Component.Injection_Unit.Component.Barrel.Operational_Data.Barrel_4
Injection_Molding_Machine.Component.Injection_Unit.Component.Barrel.Operational_Data.Barrel_1,Injection_Molding_Machine.Component.Injection_Unit.Component.Barrel.Operational_Data.Barrel_1.Barrel_Temp_Z1
Injection_Molding_Machine.Component.Injection_Unit.Component.Barrel.Operational_Data.Barrel_1,Injection_Molding_Machine.Component.Injection_Unit.Component.Barrel.Operational_Data.Barrel_1.Barrel_Zone
Injection_Molding_Machine.Component.Injection_Unit.Component.Barrel.Operational_Data.Barrel_2,Injection_Molding_Machine.Component.Injection_Unit.Component.Barrel.Operational_Data.Barrel_2.Barrel_Temp_Z2
Injection_Molding_Machine.Component.Injection_Unit.Component.Barrel.Operational_Data.Barrel_2,Injection_Molding_Machine.Component.Injection_Unit.Component.Barrel.Operational_Data.Barrel_2.Barrel_Zone
Injection_Molding_Machine.Component.Injection_Unit.Component.Barrel.Operational_Data.Barrel_3,Injection_Molding_Machine.Component.Injection_Unit.Component.Barrel.Operational_Data.Barrel_3.Barrel_Temp_Z3
Injection_Molding_Machine.Component.Injection_Unit.Component.Barrel.Operational_Data.Barrel_3,Injection_Molding_Machine.Component.Injection_Unit.Component.Barrel.Operational_Data.Barrel_3.Barrel_Zone
Injection_Molding_Machine.Component.Injection_Unit.Component.Barrel.Operational_Data.Barrel_4,Injection_Molding_Machine.Component.Injection_Unit.Component.Barrel.Operational_Data.Barrel_4.Barrel_Temp_Z4
Injection_Molding_Machine.Component.Injection_Unit.Component.Barrel.Operational_Data.Barrel_4,Injection_Molding_Machine.Component.Injection_Unit.Component.Barrel.Operational_Data.Barrel_4.Barrel_Zone
Injection_Molding_Machine.Component.Injection_Unit.Component.Barrel.Parameter_Set,Injection_Molding_Machine.Component.Injection_Unit.Component.Barrel.Parameter_Set.Barrel_n
Injection_Molding_Machine.Component.Injection_Unit.Component.Barrel.Parameter_Set.Barrel_n,Injection_Molding_Machine.Component.Injection_Unit.Component.Barrel.Parameter_Set.Barrel_n.Barrel_Temp_Set
Injection_Molding_Machine.Component.Injection_Unit.Component.Barrel.Parameter_Set.Barrel_n,Injection_Molding_Machine.Component.Injection_Unit.Component.Barrel.Parameter_Set.Barrel_n.Barrel_Zone
Injection_Molding_Machine.Component.Injection_Unit.Component.Cylinder,Injection_Molding_Machine.Component.Injection_Unit.Component.Cylinder.Operational_Data
Injection_Molding_Machine.Component.Injection_Unit.Component.Cylinder,Injection_Molding_Machine.Component.Injection_Unit.Component.Cylinder.Parameter_Set
Injection_Molding_Machine.Component.Injection_Unit.Component.Cylinder,Injection_Molding_Machine.Component.Injection_Unit.Component.Cylinder.Technical_Data
Injection_Molding_Machine.Component.Injection_Unit.Component.Cylinder.Operational_Data,Injection_Molding_Machine.Component.Injection_Unit.Component.Cylinder.Operational_Data.Cylinder_Measure_n
Injection_Molding_Machine.Component.Injection_Unit.Component.Cylinder.Operational_Data,Injection_Molding_Machine.Component.Injection_Unit.Component.Cylinder.Operational_Data.Injection_Level_1
Injection_Molding_Machine.Component.Injection_Unit.Component.Cylinder.Operational_Data.Cylinder_Measure_n,Injection_Molding_Machine.Component.Injection_Unit.Component.Cylinder.Operational_Data.Cylinder_Measure_n.Cylinder_Diameter
Injection_Molding_Machine.Component.Injection_Unit.Component.Cylinder.Operational_Data.Cylinder_Measure_n,Injection_Molding_Machine.Component.Injection_Unit.Component.Cylinder.Operational_Data.Cylinder_Measure_n.Cylinder_Diameter_Remaining
Injection_Molding_Machine.Component.Injection_Unit.Component.Cylinder.Operational_Data.Cylinder_Measure_n,Injection_Molding_Machine.Component.Injection_Unit.Component.Cylinder.Operational_Data.Cylinder_Measure_n.Cylinder_Measure_Zone
Injection_Molding_Machine.Component.Injection_Unit.Component.Cylinder.Operational_Data.Cylinder_Measure_n,Injection_Molding_Machine.Component.Injection_Unit.Component.Cylinder.Operational_Data.Cylinder_Measure_n.Cylinder_Status
Injection_Molding_Machine.Component.Injection_Unit.Component.Cylinder.Operational_Data.Injection_Level_1,Injection_Molding_Machine.Component.Injection_Unit.Component.Cylinder.Operational_Data.Injection_Level_1.Injection_Level
Injection_Molding_Machine.Component.Injection_Unit.Component.Cylinder.Operational_Data.Injection_Level_1,Injection_Molding_Machine.Component.Injection_Unit.Component.Cylinder.Operational_Data.Injection_Level_1.Injection_Max_Time
Injection_Molding_Machine.Component.Injection_Unit.Component.Cylinder.Operational_Data.Injection_Level_1,Injection_Molding_Machine.Component.Injection_Unit.Component.Cylinder.Operational_Data.Injection_Level_1.Injection_Peak_Pressure
Injection_Molding_Machine.Component.Injection_Unit.Component.Cylinder.Operational_Data.Injection_Level_1,Injection_Molding_Machine.Component.Injection_Unit.Component.Cylinder.Operational_Data.Injection_Level_1.Injection_Pressure_Real_Time
Injection_Molding_Machine.Component.Injection_Unit.Component.Cylinder.Operational_Data.Injection_Level_1,Injection_Molding_Machine.Component.Injection_Unit.Component.Cylinder.Operational_Data.Injection_Level_1.Injection_Start_Pressure
Injection_Molding_Machine.Component.Injection_Unit.Component.Cylinder.Operational_Data.Injection_Level_1,Injection_Molding_Machine.Component.Injection_Unit.Component.Cylinder.Operational_Data.Injection_Level_1.VP_Pressure
Injection_Molding_Machine.Component.Injection_Unit.Component.Cylinder.Operational_Data.Injection_Level_1,Injection_Molding_Machine.Component.Injection_Unit.Component.Cylinder.Operational_Data.Injection_Level_1.VP_Time
Injection_Molding_Machine.Component.Injection_Unit.Component.Cylinder.Parameter_Set,Injection_Molding_Machine.Component.Injection_Unit.Component.Cylinder.Parameter_Set.Injection_Level_n
Injection_Molding_Machine.Component.Injection_Unit.Component.Cylinder.Parameter_Set.Injection_Level_n,Injection_Molding_Machine.Component.Injection_Unit.Component.Cylinder.Parameter_Set.Injection_Level_n.Injection_Level
Injection_Molding_Machine.Component.Injection_Unit.Component.Cylinder.Parameter_Set.Injection_Level_n,Injection_Molding_Machine.Component.Injection_Unit.Component.Cylinder.Parameter_Set.Injection_Level_n.Injection_Pressure_Set
Injection_Molding_Machine.Component.Injection_Unit.Component.Cylinder.Parameter_Set.Injection_Level_n,Injection_Molding_Machine.Component.Injection_Unit.Component.Cylinder.Parameter_Set.Injection_Level_n.Injection_Velocity_Set
Injection_Molding_Machine.Component.Injection_Unit.Component.Cylinder.Parameter_Set.Injection_Level_n,Injection_Molding_Machine.Component.Injection_Unit.Component.Cylinder.Parameter_Set.Injection_Level_n.VP_Pressure_Set
Injection_Molding_Machine.Component.Injection_Unit.Component.Cylinder.Technical_Data,Injection_Molding_Machine.Component.Injection_Unit.Component.Cylinder.Technical_Data.Cylinder_Measure_n
Injection_Molding_Machine.Component.Injection_Unit.Component.Cylinder.Technical_Data.Cylinder_Measure_n,Injection_Molding_Machine.Component.Injection_Unit.Component.Cylinder.Technical_Data.Cylinder_Measure_n.Cylinder_Diameter_Limitation
Injection_Molding_Machine.Component.Injection_Unit.Component.Cylinder.Technical_Data.Cylinder_Measure_n,Injection_Molding_Machine.Component.Injection_Unit.Component.Cylinder.Technical_Data.Cylinder_Measure_n.Cylinder_Diameter_Spec
Injection_Molding_Machine.Component.Injection_Unit.Component.Cylinder.Technical_Data.Cylinder_Measure_n,Injection_Molding_Machine.Component.Injection_Unit.Component.Cylinder.Technical_Data.Cylinder_Measure_n.Cylinder_Measure_Zone
Injection_Molding_Machine.Component.Injection_Unit.Component.Hopper,Injection_Molding_Machine.Component.Injection_Unit.Component.Hopper.Material
Injection_Molding_Machine.Component.Injection_Unit.Component.Hopper,Injection_Molding_Machine.Component.Injection_Unit.Component.Hopper.Operational_Data
Injection_Molding_Machine.Component.Injection_Unit.Component.Hopper,Injection_Molding_Machine.Component.Injection_Unit.Component.Hopper.Parameter_Set
Injection_Molding_Machine.Component.Injection_Unit.Component.Hopper.Material,Injection_Molding_Machine.Component.Injection_Unit.Component.Hopper.Material.Material_Info
Injection_Molding_Machine.Component.Injection_Unit.Component.Hopper.Material,Injection_Molding_Machine.Component.Injection_Unit.Component.Hopper.Material.Material_Status
Injection_Molding_Machine.Component.Injection_Unit.Component.Hopper.Material.Material_Info,Injection_Molding_Machine.Component.Injection_Unit.Component.Hopper.Material.Material_Info.Material_Density
Injection_Molding_Machine.Component.Injection_Unit.Component.Hopper.Material.Material_Info,Injection_Molding_Machine.Component.Injection_Unit.Component.Hopper.Material.Material_Info.Material_ID
Injection_Molding_Machine.Component.Injection_Unit.Component.Hopper.Material.Material_Info,Injection_Molding_Machine.Component.Injection_Unit.Component.Hopper.Material.Material_Info.Material_LOT
Injection_Molding_Machine.Component.Injection_Unit.Component.Hopper.Material.Material_Info,Injection_Molding_Machine.Component.Injection_Unit.Component.Hopper.Material.Material_Info.Material_Name
Injection_Molding_Machine.Component.Injection_Unit.Component.Hopper.Material.Material_Status,Injection_Molding_Machine.Component.Injection_Unit.Component.Hopper.Material.Material_Status.Remaining_Material
Injection_Molding_Machine.Component.Injection_Unit.Component.Hopper.Material.Material_Status,Injection_Molding_Machine.Component.Injection_Unit.Component.Hopper.Material.Material_Status.Weighed_Material
Injection_Molding_Machine.Component.Injection_Unit.Component.Hopper.Operational_Data,Injection_Molding_Machine.Component.Injection_Unit.Component.Hopper.Operational_Data.Hopper_Humidity
Injection_Molding_Machine.Component.Injection_Unit.Component.Hopper.Operational_Data,Injection_Molding_Machine.Component.Injection_Unit.Component.Hopper.Operational_Data.Hopper_Status
Injection_Molding_Machine.Component.Injection_Unit.Component.Hopper.Operational_Data,Injection_Molding_Machine.Component.Injection_Unit.Component.Hopper.Operational_Data.Hopper_Temp
Injection_Molding_Machine.Component.Injection_Unit.Component.Hopper.Operational_Data,Injection_Molding_Machine.Component.Injection_Unit.Component.Hopper.Operational_Data.Is_Active
Injection_Molding_Machine.Component.Injection_Unit.Component.Hopper.Parameter_Set,Injection_Molding_Machine.Component.Injection_Unit.Component.Hopper.Parameter_Set.Hopper_Humidity_Set
Injection_Molding_Machine.Component.Injection_Unit.Component.Hopper.Parameter_Set,Injection_Molding_Machine.Component.Injection_Unit.Component.Hopper.Parameter_Set.Hopper_Recharge_Set
Injection_Molding_Machine.Component.Injection_Unit.Component.Hopper.Parameter_Set,Injection_Molding_Machine.Component.Injection_Unit.Component.Hopper.Parameter_Set.Hopper_Temp_Set
Injection_Molding_Machine.Component.Injection_Unit.Component.Nozzle,Injection_Molding_Machine.Component.Injection_Unit.Component.Nozzle.Operational_Data
Injection_Molding_Machine.Component.Injection_Unit.Component.Nozzle,Injection_Molding_Machine.Component.Injection_Unit.Component.Nozzle.Parameter_Set
Injection_Molding_Machine.Component.Injection_Unit.Component.Nozzle,Injection_Molding_Machine.Component.Injection_Unit.Component.Nozzle.Technical_Data
Injection_Molding_Machine.Component.Injection_Unit.Component.Nozzle.Operational_Data,Injection_Molding_Machine.Component.Injection_Unit.Component.Nozzle.Operational_Data.Max_Injection_Rate
Injection_Molding_Machine.Component.Injection_Unit.Component.Nozzle.Operational_Data,Injection_Molding_Machine.Component.Injection_Unit.Component.Nozzle.Operational_Data.Nozzle_Remaining
Injection_Molding_Machine.Component.Injection_Unit.Component.Nozzle.Operational_Data,Injection_Molding_Machine.Component.Injection_Unit.Component.Nozzle.Operational_Data.Nozzle_Status
Injection_Molding_Machine.Component.Injection_Unit.Component.Nozzle.Operational_Data,Injection_Molding_Machine.Component.Injection_Unit.Component.Nozzle.Operational_Data.Nozzle_Temp
Injection_Molding_Machine.Component.Injection_Unit.Component.Nozzle.Operational_Data,Injection_Molding_Machine.Component.Injection_Unit.Component.Nozzle.Operational_Data.Nozzle_Time
Injection_Molding_Machine.Component.Injection_Unit.Component.Nozzle.Parameter_Set,Injection_Molding_Machine.Component.Injection_Unit.Component.Nozzle.Parameter_Set.Nozzle_Temp_Set
Injection_Molding_Machine.Component.Injection_Unit.Component.Nozzle.Technical_Data,Injection_Molding_Machine.Component.Injection_Unit.Component.Nozzle.Technical_Data.Nozzle_Lifespan
Injection_Molding_Machine.Component.Injection_Unit.Component.Screw,Injection_Molding_Machine.Component.Injection_Unit.Component.Screw.Operational_Data
Injection_Molding_Machine.Component.Injection_Unit.Component.Screw,Injection_Molding_Machine.Component.Injection_Unit.Component.Screw.Parameter_Set
Injection_Molding_Machine.Component.Injection_Unit.Component.Screw,Injection_Molding_Machine.Component.Injection_Unit.Component.Screw.Technical_Data
Injection_Molding_Machine.Component.Injection_Unit.Component.Screw.Operational_Data,Injection_Molding_Machine.Component.Injection_Unit.Component.Screw.Operational_Data.Check_Ring
Injection_Molding_Machine.Component.Injection_Unit.Component.Screw.Operational_Data,Injection_Molding_Machine.Component.Injection_Unit.Component.Screw.Operational_Data.Eject
Injection_Molding_Machine.Component.Injection_Unit.Component.Screw.Operational_Data,Injection_Molding_Machine.Component.Injection_Unit.Component.Screw.Operational_Data.Screw_Measure_n
Injection_Molding_Machine.Component.Injection_Unit.Component.Screw.Operational_Data.Check_Ring,Injection_Molding_Machine.Component.Injection_Unit.Component.Screw.Operational_Data.Check_Ring.Check_Ring_Measure
Injection_Molding_Machine.Component.Injection_Unit.Component.Screw.Operational_Data.Check_Ring,Injection_Molding_Machine.Component.Injection_Unit.Component.Screw.Operational_Data.Check_Ring.Check_Ring_Remaining
Injection_Molding_Machine.Component.Injection_Unit.Component.Screw.Operational_Data.Check_Ring,Injection_Molding_Machine.Component.Injection_Unit.Component.Screw.Operational_Data.Check_Ring.Check_Ring_Status
Injection_Molding_Machine.Component.Injection_Unit.Component.Screw.Operational_Data.Eject,Injection_Molding_Machine.Component.Injection_Unit.Component.Screw.Operational_Data.Eject.Back_Flow
Injection_Molding_Machine.Component.Injection_Unit.Component.Screw.Operational_Data.Eject,Injection_Molding_Machine.Component.Injection_Unit.Component.Screw.Operational_Data.Eject.Decompression_Time
Injection_Molding_Machine.Component.Injection_Unit.Component.Screw.Operational_Data.Eject,Injection_Molding_Machine.Component.Injection_Unit.Component.Screw.Operational_Data.Eject.Flow_Peak
Injection_Molding_Machine.Component.Injection_Unit.Component.Screw.Operational_Data.Eject,Injection_Molding_Machine.Component.Injection_Unit.Component.Screw.Operational_Data.Eject.Minimum_Cushion
Injection_Molding_Machine.Component.Injection_Unit.Component.Screw.Operational_Data.Eject,Injection_Molding_Machine.Component.Injection_Unit.Component.Screw.Operational_Data.Eject.Plasticizing_End_Position
Injection_Molding_Machine.Component.Injection_Unit.Component.Screw.Operational_Data.Eject,Injection_Molding_Machine.Component.Injection_Unit.Component.Screw.Operational_Data.Eject.Plasticizing_Screw_Velocity
Injection_Molding_Machine.Component.Injection_Unit.Component.Screw.Operational_Data.Eject,Injection_Molding_Machine.Component.Injection_Unit.Component.Screw.Operational_Data.Eject.Plasticizing_Start_Position
Injection_Molding_Machine.Component.Injection_Unit.Component.Screw.Operational_Data.Eject,Injection_Molding_Machine.Component.Injection_Unit.Component.Screw.Operational_Data.Eject.Plasticizing_Time
Injection_Molding_Machine.Component.Injection_Unit.Component.Screw.Operational_Data.Eject,Injection_Molding_Machine.Component.Injection_Unit.Component.Screw.Operational_Data.Eject.Screw_Position
Injection_Molding_Machine.Component.Injection_Unit.Component.Screw.Operational_Data.Eject,Injection_Molding_Machine.Component.Injection_Unit.Component.Screw.Operational_Data.Eject.Screw_Velocity
Injection_Molding_Machine.Component.Injection_Unit.Component.Screw.Operational_Data.Eject,Injection_Molding_Machine.Component.Injection_Unit.Component.Screw.Operational_Data.Eject.VP_Position
Injection_Molding_Machine.Component.Injection_Unit.Component.Screw.Operational_Data.Eject,Injection_Molding_Machine.Component.Injection_Unit.Component.Screw.Operational_Data.Eject.Weighing_Start_Position
Injection_Molding_Machine.Component.Injection_Unit.Component.Screw.Operational_Data.Screw_Measure_n,Injection_Molding_Machine.Component.Injection_Unit.Component.Screw.Operational_Data.Screw_Measure_n.Screw_Measure
Injection_Molding_Machine.Component.Injection_Unit.Component.Screw.Operational_Data.Screw_Measure_n,Injection_Molding_Machine.Component.Injection_Unit.Component.Screw.Operational_Data.Screw_Measure_n.Screw_Measure_Remaining
Injection_Molding_Machine.Component.Injection_Unit.Component.Screw.Operational_Data.Screw_Measure_n,Injection_Molding_Machine.Component.Injection_Unit.Component.Screw.Operational_Data.Screw_Measure_n.Screw_Measure_Zone
Injection_Molding_Machine.Component.Injection_Unit.Component.Screw.Operational_Data.Screw_Measure_n,Injection_Molding_Machine.Component.Injection_Unit.Component.Screw.Operational_Data.Screw_Measure_n.Screw_Status
Injection_Molding_Machine.Component.Injection_Unit.Component.Screw.Parameter_Set,Injection_Molding_Machine.Component.Injection_Unit.Component.Screw.Parameter_Set.Eject_End_Position_Set
Injection_Molding_Machine.Component.Injection_Unit.Component.Screw.Parameter_Set,Injection_Molding_Machine.Component.Injection_Unit.Component.Screw.Parameter_Set.Eject_Start_Position_Set
Injection_Molding_Machine.Component.Injection_Unit.Component.Screw.Parameter_Set,Injection_Molding_Machine.Component.Injection_Unit.Component.Screw.Parameter_Set.Eject_Time_Set
Injection_Molding_Machine.Component.Injection_Unit.Component.Screw.Parameter_Set,Injection_Molding_Machine.Component.Injection_Unit.Component.Screw.Parameter_Set.Minimum_Cushion_Set
Injection_Molding_Machine.Component.Injection_Unit.Component.Screw.Technical_Data,Injection_Molding_Machine.Component.Injection_Unit.Component.Screw.Technical_Data.Check_Ring
Injection_Molding_Machine.Component.Injection_Unit.Component.Screw.Technical_Data,Injection_Molding_Machine.Component.Injection_Unit.Component.Screw.Technical_Data.Screw_Measure_n
Injection_Molding_Machine.Component.Injection_Unit.Component.Screw.Technical_Data.Check_Ring,Injection_Molding_Machine.Component.Injection_Unit.Component.Screw.Technical_Data.Check_Ring.Check_Ring_Limitation
Injection_Molding_Machine.Component.Injection_Unit.Component.Screw.Technical_Data.Check_Ring,Injection_Molding_Machine.Component.Injection_Unit.Component.Screw.Technical_Data.Check_Ring.Check_Ring_Spec
Injection_Molding_Machine.Component.Injection_Unit.Component.Screw.Technical_Data.Screw_Measure_n,Injection_Molding_Machine.Component.Injection_Unit.Component.Screw.Technical_Data.Screw_Measure_n.Screw_Measure_Limitation
Injection_Molding_Machine.Component.Injection_Unit.Component.Screw.Technical_Data.Screw_Measure_n,Injection_Molding_Machine.Component.Injection_Unit.Component.Screw.Technical_Data.Screw_Measure_n.Screw_Measure_Spec
Injection_Molding_Machine.Component.Injection_Unit.Component.Screw.Technical_Data.Screw_Measure_n,Injection_Molding_Machine.Component.Injection_Unit.Component.Screw.Technical_Data.Screw_Measure_n.Screw_Measure_Zone
Injection_Molding_Machine.Controller,Injection_Molding_Machine.Controller.Controller_Info
Injection_Molding_Machine.Controller,Injection_Molding_Machine.Controller.Memory_Capacity
Injection_Molding_Machine.Controller.Controller_Info,Injection_Molding_Machine.Controller.Controller_Info.Controller_Interface
Injection_Molding_Machine.Controller.Controller_Info,Injection_Molding_Machine.Controller.Controller_Info.Controller_Model
Injection_Molding_Machine.Controller.Controller_Info,Injection_Molding_Machine.Controller.Controller_Info.Controller_Vendor
Injection_Molding_Machine.Controller.Memory_Capacity,Injection_Molding_Machine.Controller.Memory_Capacity.Free_Capacity
Injection_Molding_Machine.Controller.Memory_Capacity,Injection_Molding_Machine.Controller.Memory_Capacity.Total_Capacity
Injection_Molding_Machine.Controller.Memory_Capacity,Injection_Molding_Machine.Controller.Memory_Capacity.Used_Capacity
Injection_Molding_Machine.Energy,Injection_Molding_Machine.Energy.Electrical_Energy
Injection_Molding_Machine.Energy,Injection_Molding_Machine.Energy.Fluid_Energy
Injection_Molding_Machine.Energy,Injection_Molding_Machine.Energy.Pressure_Air
Injection_Molding_Machine.Energy.Electrical_Energy,Injection_Molding_Machine.Energy.Electrical_Energy.Actual_Power
Injection_Molding_Machine.Energy.Electrical_Energy,Injection_Molding_Machine.Energy.Electrical_Energy.Actual_Specific_Energy
Injection_Molding_Machine.Energy.Electrical_Energy,Injection_Molding_Machine.Energy.Electrical_Energy.Power_Consumption
Injection_Molding_Machine.Energy.Electrical_Energy,Injection_Molding_Machine.Energy.Electrical_Energy.Power_Factor
Injection_Molding_Machine.Energy.Fluid_Energy,Injection_Molding_Machine.Energy.Fluid_Energy.Actual_Power
Injection_Molding_Machine.Energy.Fluid_Energy,Injection_Molding_Machine.Energy.Fluid_Energy.Actual_Specific_Energy
Injection_Molding_Machine.Energy.Fluid_Energy,Injection_Molding_Machine.Energy.Fluid_Energy.Power_Consumption
Injection_Molding_Machine.Energy.Fluid_Energy,Injection_Molding_Machine.Energy.Fluid_Energy.Power_Factor
Injection_Molding_Machine.Energy.Pressure_Air,Injection_Molding_Machine.Energy.Pressure_Air.Actual_Power
Injection_Molding_Machine.Energy.Pressure_Air,Injection_Molding_Machine.Energy.Pressure_Air.Actual_Specific_Energy
Injection_Molding_Machine.Energy.Pressure_Air,Injection_Molding_Machine.Energy.Pressure_Air.Power_Consumption
Injection_Molding_Machine.Energy.Pressure_Air,Injection_Molding_Machine.Energy.Pressure_Air.Power_Factor
Injection_Molding_Machine.Identification,Injection_Molding_Machine.Identification.AssetId
Injection_Molding_Machine.Identification,Injection_Molding_Machine.Identification.ChargeId
Injection_Molding_Machine.Identification,Injection_Molding_Machine.Identification.ClassificationSystem
Injection_Molding_Machine.Identification,Injection_Molding_Machine.Identification.ContactInfo01
Injection_Molding_Machine.Identification,Injection_Molding_Machine.Identification.DeviceRevision
Injection_Molding_Machine.Identification,Injection_Molding_Machine.Identification.HardwareRevision
Injection_Molding_Machine.Identification,Injection_Molding_Machine.Identification.InstanceId
Injection_Molding_Machine.Identification,Injection_Molding_Machine.Identification.ManufacturerId01
Injection_Molding_Machine.Identification,Injection_Molding_Machine.Identification.ManufacturerIdProvider
Injection_Molding_Machine.Identification,Injection_Molding_Machine.Identification.ManufacturerName
Injection_Molding_Machine.Identification,Injection_Molding_Machine.Identification.ManufacturerTypDescription
Injection_Molding_Machine.Identification,Injection_Molding_Machine.Identification.ManufacturerTypId
Injection_Molding_Machine.Identification,Injection_Molding_Machine.Identification.ManufacturerTypName
Injection_Molding_Machine.Identification,Injection_Molding_Machine.Identification.ManufacturingDate
Injection_Molding_Machine.Identification,Injection_Molding_Machine.Identification.SecondaryKeyInstance
Injection_Molding_Machine.Identification,Injection_Molding_Machine.Identification.SecondaryKeyTyp
Injection_Molding_Machine.Identification,Injection_Molding_Machine.Identification.SoftwareRevision
Injection_Molding_Machine.Identification,Injection_Molding_Machine.Identification.SupplierId
Injection_Molding_Machine.Identification,Injection_Molding_Machine.Identification.SupplierIdProvider
Injection_Molding_Machine.Identification,Injection_Molding_Machine.Identification.SupplierName
Injection_Molding_Machine.Identification,Injection_Molding_Machine.Identification.SupplierTypDescription
Injection_Molding_Machine.Identification,Injection_Molding_Machine.Identification.SupplierTypId
Injection_Molding_Machine.Identification,Injection_Molding_Machine.Identification.SupplierTypName
Injection_Molding_Machine.Identification,Injection_Molding_Machine.Identification.TypClass
Injection_Molding_Machine.Identification,Injection_Molding_Machine.Identification.URL
Injection_Molding_Machine.Identification.ContactInfo01,Injection_Molding_Machine.Identification.ContactInfo01.Email
Injection_Molding_Machine.Identification.ContactInfo01,Injection_Molding_Machine.Identification.ContactInfo01.Fax
Injection_Molding_Machine.Identification.ContactInfo01,Injection_Molding_Machine.Identification.ContactInfo01.Name
Injection_Molding_Machine.Identification.ContactInfo01,Injection_Molding_Machine.Identification.ContactInfo01.Phone
Injection_Molding_Machine.Identification.ContactInfo01,Injection_Molding_Machine.Identification.ContactInfo01.PhysicalAddress
Injection_Molding_Machine.Identification.ContactInfo01,Injection_Molding_Machine.Identification.ContactInfo01.Role
Injection_Molding_Machine.Identification.ContactInfo01,Injection_Molding_Machine.Identification.ContactInfo01.URL
Injection_Molding_Machine.Identification.ContactInfo01.PhysicalAddress,Injection_Molding_Machine.Identification.ContactInfo01.PhysicalAddress.City
Injection_Molding_Machine.Identification.ContactInfo01.PhysicalAddress,Injection_Molding_Machine.Identification.ContactInfo01.PhysicalAddress.CountryCode
Injection_Molding_Machine.Identification.ContactInfo01.PhysicalAddress,Injection_Molding_Machine.Identification.ContactInfo01.PhysicalAddress.PostalCode
Injection_Molding_Machine.Identification.ContactInfo01.PhysicalAddress,Injection_Molding_Machine.Identification.ContactInfo01.PhysicalAddress.StateCounty
Injection_Molding_Machine.Identification.ContactInfo01.PhysicalAddress,Injection_Molding_Machine.Identification.ContactInfo01.PhysicalAddress.Street
Injection_Molding_Machine.Log_Event,Injection_Molding_Machine.Log_Event.Event_Originator
Injection_Molding_Machine.Log_Event,Injection_Molding_Machine.Log_Event.Job_Cycle_Counter
Injection_Molding_Machine.Log_Event,Injection_Molding_Machine.Log_Event.Machine_Mode_Change_Log
Injection_Molding_Machine.Log_Event,Injection_Molding_Machine.Log_Event.Parameter_Change_Log
Injection_Molding_Machine.Log_Event,Injection_Molding_Machine.Log_Event.Production_Status_Change_Log
Injection_Molding_Machine.Log_Event,Injection_Molding_Machine.Log_Event.Remote_Access_Log
Injection_Molding_Machine.Log_Event,Injection_Molding_Machine.Log_Event.Sequence_Change_Log
Injection_Molding_Machine.Log_Event,Injection_Molding_Machine.Log_Event.User
Injection_Molding_Machine.Log_Event,Injection_Molding_Machine.Log_Event.User_Feedback_Log
Injection_Molding_Machine.Log_Event,Injection_Molding_Machine.Log_Event.User_Log
Injection_Molding_Machine.Log_Event.Machine_Mode_Change_Log,Injection_Molding_Machine.Log_Event.Machine_Mode_Change_Log.New_Machine_Mode
Injection_Molding_Machine.Log_Event.Machine_Mode_Change_Log,Injection_Molding_Machine.Log_Event.Machine_Mode_Change_Log.Old_Machine_Mode
Injection_Molding_Machine.Log_Event.Parameter_Change_Log,Injection_Molding_Machine.Log_Event.Parameter_Change_Log.New_Value
Injection_Molding_Machine.Log_Event.Parameter_Change_Log,Injection_Molding_Machine.Log_Event.Parameter_Change_Log.New_Value_Unit
Injection_Molding_Machine.Log_Event.Parameter_Change_Log,Injection_Molding_Machine.Log_Event.Parameter_Change_Log.Old_Value
Injection_Molding_Machine.Log_Event.Parameter_Change_Log,Injection_Molding_Machine.Log_Event.Parameter_Change_Log.Old_Value_Unit
Injection_Molding_Machine.Log_Event.Parameter_Change_Log,Injection_Molding_Machine.Log_Event.Parameter_Change_Log.Parameter_ID
Injection_Molding_Machine.Log_Event.Production_Status_Change_Log,Injection_Molding_Machine.Log_Event.Production_Status_Change_Log.New_Production_Status
Injection_Molding_Machine.Log_Event.Production_Status_Change_Log,Injection_Molding_Machine.Log_Event.Production_Status_Change_Log.Old_Production_Status
Injection_Molding_Machine.Log_Event.Remote_Access_Log,Injection_Molding_Machine.Log_Event.Remote_Access_Log.Origin
Injection_Molding_Machine.Log_Event.Remote_Access_Log,Injection_Molding_Machine.Log_Event.Remote_Access_Log.Remote_User_Name
Injection_Molding_Machine.Log_Event.Remote_Access_Log,Injection_Molding_Machine.Log_Event.Remote_Access_Log.User_Change
Injection_Molding_Machine.Log_Event.Sequence_Change_Log,Injection_Molding_Machine.Log_Event.Sequence_Change_Log.Sequence_Change
Injection_Molding_Machine.Log_Event.User,Injection_Molding_Machine.Log_Event.User.Card_ID
Injection_Molding_Machine.Log_Event.User,Injection_Molding_Machine.Log_Event.User.Is_Present
Injection_Molding_Machine.Log_Event.User,Injection_Molding_Machine.Log_Event.User.Language
Injection_Molding_Machine.Log_Event.User,Injection_Molding_Machine.Log_Event.User.User_ID
Injection_Molding_Machine.Log_Event.User,Injection_Molding_Machine.Log_Event.User.User_Level
Injection_Molding_Machine.Log_Event.User,Injection_Molding_Machine.Log_Event.User.User_Name
Injection_Molding_Machine.Log_Event.User,Injection_Molding_Machine.Log_Event.User.User_Role
Injection_Molding_Machine.Log_Event.User_Feedback_Log,Injection_Molding_Machine.Log_Event.User_Feedback_Log.Message_Classification
Injection_Molding_Machine.Log_Event.User_Log,Injection_Molding_Machine.Log_Event.User_Log.User_Change
Injection_Molding_Machine.Machine_Configuration,Injection_Molding_Machine.Machine_Configuration.Location_Name
Injection_Molding_Machine.Machine_Configuration,Injection_Molding_Machine.Machine_Configuration.Time_Zone_Offset
Injection_Molding_Machine.Machine_Configuration,Injection_Molding_Machine.Machine_Configuration.User_Machine_Name
Injection_Molding_Machine.Maintenance,Injection_Molding_Machine.Maintenance.Additional_Info
Injection_Molding_Machine.Maintenance,Injection_Molding_Machine.Maintenance.Interval
Injection_Molding_Machine.Maintenance,Injection_Molding_Machine.Maintenance.Maintenance_Status
Injection_Molding_Machine.Maintenance,Injection_Molding_Machine.Maintenance.Remaining_Interval
Injection_Molding_Machine.Maintenance,Injection_Molding_Machine.Maintenance.Total_Operation
Injection_Molding_Machine.Operational_Data,Injection_Molding_Machine.Operational_Data.Defect_Info
Injection_Molding_Machine.Operational_Data,Injection_Molding_Machine.Operational_Data.Mold_Info
Injection_Molding_Machine.Operational_Data,Injection_Molding_Machine.Operational_Data.Production_Info
Injection_Molding_Machine.Operational_Data,Injection_Molding_Machine.Operational_Data.Status
Injection_Molding_Machine.Operational_Data.Defect_Info,Injection_Molding_Machine.Operational_Data.Defect_Info.Defect_Quantity
Injection_Molding_Machine.Operational_Data.Defect_Info,Injection_Molding_Machine.Operational_Data.Defect_Info.Defect_Rate
Injection_Molding_Machine.Operational_Data.Mold_Info,Injection_Molding_Machine.Operational_Data.Mold_Info.Enabled_Mold_Number
Injection_Molding_Machine.Operational_Data.Mold_Info,Injection_Molding_Machine.Operational_Data.Mold_Info.No_Cavity
Injection_Molding_Machine.Operational_Data.Mold_Info,Injection_Molding_Machine.Operational_Data.Mold_Info.No_Shot
Injection_Molding_Machine.Operational_Data.Production_Info,Injection_Molding_Machine.Operational_Data.Production_Info.Cycle_Time
Injection_Molding_Machine.Operational_Data.Production_Info,Injection_Molding_Machine.Operational_Data.Production_Info.Machine_Cycle_Time
Injection_Molding_Machine.Operational_Data.Production_Info,Injection_Molding_Machine.Operational_Data.Production_Info.Operating_Ratio
Injection_Molding_Machine.Operational_Data.Production_Info,Injection_Molding_Machine.Operational_Data.Production_Info.Operation_Status
Injection_Molding_Machine.Operational_Data.Production_Info,Injection_Molding_Machine.Operational_Data.Production_Info.Performance_Achievement_Rate
Injection_Molding_Machine.Operational_Data.Production_Info,Injection_Molding_Machine.Operational_Data.Production_Info.Planned_Production_Quantity
Injection_Molding_Machine.Operational_Data.Production_Info,Injection_Molding_Machine.Operational_Data.Production_Info.Product_Name
Injection_Molding_Machine.Operational_Data.Production_Info,Injection_Molding_Machine.Operational_Data.Production_Info.Production_Quantity
Injection_Molding_Machine.Operational_Data.Status,Injection_Molding_Machine.Operational_Data.Status.Machine_Status
Injection_Molding_Machine.Operational_Data.Status,Injection_Molding_Machine.Operational_Data.Status.Start_Status
